,Target,Sample,POS,REF,ALT,ALT_DEPTH,DEPTH,ALT_FREQ
9,PFMDR1,BF246,57,A,T,34,111,0.3063063063063063
10,PFMDR1,BF247,57,A,.,0,67,0.0
11,PFMDR1,BF248,57,A,.,0,118,0.0
12,PFMDR1,BF249,57,A,.,0,88,0.0
13,PFMDR1,BF250,57,A,.,0,81,0.0
14,PFMDR1,BF251,57,A,.,0,95,0.0
15,PFMDR1,BF252,57,A,.,0,85,0.0
16,PFMDR1,BF253,57,A,.,0,103,0.0
17,PFMDR1,BF254,57,A,.,0,79,0.0
18,PFMDR1,BF255,57,A,.,0,105,0.0
19,PFMDR1,BF256,57,A,.,0,121,0.0
20,PFMDR1,BF257,57,A,.,0,79,0.0
21,PFMDR1,BF258,57,A,.,0,94,0.0
22,PFMDR1,BF259,57,A,T,64,115,0.5565217391304348
23,PFMDR1,BF260,57,A,T,64,89,0.7191011235955056
24,PFMDR1,BF261,57,A,T,67,139,0.48201438848920863
25,PFMDR1,BF262,57,A,T,96,125,0.768
26,PFMDR1,BF263,57,A,T,127,137,0.927007299270073
27,PFMDR1,BF246,352,A,T,116,116,1.0
28,PFMDR1,BF247,352,A,T,68,68,1.0
29,PFMDR1,BF248,352,A,T,119,119,1.0
30,PFMDR1,BF249,352,A,T,88,88,1.0
31,PFMDR1,BF250,352,A,.,0,82,0.0
32,PFMDR1,BF251,352,A,T,99,99,1.0
33,PFMDR1,BF252,352,A,T,67,84,0.7976190476190477
34,PFMDR1,BF253,352,A,.,0,102,0.0
35,PFMDR1,BF254,352,A,T,80,80,1.0
36,PFMDR1,BF255,352,A,T,108,108,1.0
37,PFMDR1,BF256,352,A,.,0,121,0.0
38,PFMDR1,BF257,352,A,T,78,79,0.9873417721518988
39,PFMDR1,BF258,352,A,.,0,95,0.0
40,PFMDR1,BF259,352,A,T,49,118,0.4152542372881356
41,PFMDR1,BF260,352,A,.,0,96,0.0
42,PFMDR1,BF261,352,A,T,43,143,0.3006993006993007
43,PFMDR1,BF262,352,A,.,0,126,0.0
44,PFMDR1,BF263,352,A,.,0,142,0.0
